{"cameraMode":{"drawMode":0,"name":"Shaded","section":"Shading Mode"},"sceneLighting":true,"audioPlay":false,"sceneViewState":{"m_AlwaysRefresh":false,"showFog":true,"showSkybox":true,"showFlares":true,"showImageEffects":true,"showParticleSystems":true,"showVisualEffectGraphs":true,"m_FxEnabled":true},"in2DMode":false,"pivot":{"x":30.26042366027832,"y":-25.97694969177246,"z":19.513065338134767},"rotation":{"x":-0.13519513607025147,"y":-0.8644264936447144,"z":0.32833629846572878,"w":-0.35593482851982119},"size":29.986778259277345,"orthographic":false}